text,label
this view of depression is disturbingly common despite all the work mental health activist have put into fighting the stigmatization of mental illness negative and ignorant perception of the disorder remain prevalent,Depressed
my spouse say they are a highly sensitive person based on some reading that they have done they re also a mental health professional so they may not be jumping to conclusion too soon but i have some concern they have a lot of mood swing low self esteem and self confidence when they re not working they re almost always doom scrolling on instagram they have no interest in outdoor activity and they re also easily affected by the issue of client they see a a part of their job i see all this and tell them that they may need to see a therapist themselves because i had similar symptom and got mental health help myself but i m almost always met with a snappy response saying that they re just highly sensitive and don t see the need for therapy thought anyone,Depressed
i ve just had enough of everything i don t know what to do anymore or who to talk to i tried to end my life twice through overdose and that didn t work i have episode where i just don t want to be here anymore i get agitated and it doesn t matter what anyone say or doe it doesn t make it any better i fear that i will have an episode of contemplating suicide and i ll just jump off a bridge it s like my mind take over and i don t think of anyone else my last resort is sectioning and i know what it s like i live in uk but i feel like that would be the safest environment for me where i can focus on getting better without having that constant worry of ending my life can anyone provide any advice at all i would appreciate it i just feel like my life is so pointless growing up with a disability being bullied always feeling different to everyone else childhood trauma and now having a constant battle everyday with my mental health i try to get on with life but i always feel like it would be better if i wasn t here,Depressed
ha the biggest headache but a second job woo,Non-Depressed
now i want amanita someone made me feel unliving,Non-Depressed
gillianme yeah he wa,Non-Depressed
i m coming back around from a deep hole of depression out of the last couple day maybe some of my hardest my life is a whirlwind and i accidentally got off my med for day one day off will really throw me didn t even realize that i didn t take my med until thing calmed down that th day i wa posting here yesterday and some of you really helped me out i m on the other side of it now and just want to thank this sub it wa a brutal low that lasted for sooo long i m on the other side now if i could go back to tell myself anything it s this hold on yes life suck but your brain is lying to you you got ta wait until it start telling you the truth again it s hard and it suck it suck major donkey ball you can t see any good right now i know you have to believe me it s imperative so just hold on,Depressed
need s help with this anxiety crap,Non-Depressed
sitting here wondering why quot ed quot still ha such a strong hold on me,Non-Depressed
i don t know if it s that i ve been on antidepressant for year or that i repress my emotion and don t allow myself to process thing but i didn t even notice i went on my phone and started reading random bullshit,Depressed
i fucking hate the depression stage but i developed tool to work around it alcohol and lot of comedy and lot of sleep http t co u0giyncg0j,Depressed
savethestrib dang i would have done this if i knew it wa there earlier any other outing planned,Non-Depressed
wow my x 0 is dead,Non-Depressed
my depression ptsd and anxiety have reached an all time high this past two month it honestly breaking me,Depressed
i m doing my homework it s gosh darn hard,Non-Depressed
babysitting this morning stiil it s an excuse to watch the chute on cbbc,Non-Depressed
i m not here for support or anything i m simply here to find an easy painless way to do it i m sick of this place it s not getting better it won t get better only worse it s been this way for year man like literally year when i wa a kid the only thing that made i enjoyed wa video game and now i hate video game simply because i don t find any enjoyment in them smoking weed used to make me feel more numb or at least not like this but i m sick of it i m angry i m angry at my existence and i m angry everybody get so upset when i say i don t wan na endure anymore it s pathetic it s a if the pack animal want to include me in their pack just because i want to exit so somebody please tell me an easy way to leave this place,Depressed
i wish i had someone to talk to i m so upset no one like me anyway,Non-Depressed
rohitdoss yes romba depression aguthu stress aguthu mudiyala,Depressed
how comedian battle depression and stress in private life fantegh on th http t co gwdy td via youtube,Depressed
on the train sans guardian,Non-Depressed
divya gandotra to be in continuous state of doubt anxiety and depression that s their motto it seems,Depressed
siddharth ind yeah i do i have an application that run every few minute to do that but it the add ons they conflict all the time,Non-Depressed
yesterday when i woke up i made my final decision to take my own life i have thought it over and even though there may be other option i decided that i am ready to just simply give up a the ongoing struggle ha made me decide it s not worth the pain i haven t felt anything but numbness for year i ve become obese my body is in terrible shape i ve battled with addiction but somewhat recently ive started to get over it when i finally thought that wa going well and started to be proud i wa met with people who didn t seem impressed and moreso judged the small victory i felt i guess because they didn t realize just how bad my situation wa three week off of hard drug wa a major milestone for me but people said it wasn t good enough and that i wa pathetic for thinking it wa impressive i don t see a bright side a i am finishing college even though i wa given a great job offer because i would just be continuing a life in a city where everyone hate me while i can work a lot and be miserable i am not the type to go out and leave on my own i would do nothing but recluse myself and probably miss home if i moved away i recently came to the realization that outside of the people that are friend with me my public perception is very much that i am a loser my antic have made people that used to consider me a friend not even like me a a person a girl i used to love decided to lead me on somewhat recently just to tell me her friend and everyone else hate me and that she would never consider dating me this wa essentially my tipping point i have decided that thursday night when i am returning from a work trip i am going to park my car on the way home by a bridge i am going to start drinking heavily i will make it look like i lost control a i drive through the rail and into the water those that know me will find this heartbreaking but ultimately not shocking and devastating in the way a suicide might affect them they will be able to cope with the loss without wondering if it wa their fault the only flaw in my plan is i have written a note to be left with my closest friend because one thing i can t do is leave without letting him know how much i appreciated everything he s done for me i simply can not do that but that is one thing that might ruin the hidden intent of my action,Depressed
i m not valued in my work at school at home i have never been valued to my friend while one of my closest friend thanks one of my other friend while i feel worthless nobody remembers my birthday no one care about my feeling in real life and i m always the one organizing almost every meet up if i were dead people would mourn for a day and forget about me because i dont matter if i did matter people would hire me more hang out with me and make an effort to be my friend im done with this crap i might do it tonight or tomorrow because this is too much for me i guess i m just god laughing stock,Depressed
i just can t take it i didn t even have serious trauma it wa my fault and still i can t get over it it s been three year i said i forgave him for forcing me to have sex so many time so many month so many thing i wa young i didn t know how sex should work i didn t even consider my voice mattered i m so sorry for my younger self i didn t help her and now everything is my fault i just will never be able to love someone again to have any sexual intimacy i miss who i wa romantic passionate innocent i m just starting to realize how everything i do is related to this how can i be so slow the nightmare the panic attack when i feel my voice isn t listened to how i keep getting drunk and letting some random dude fuck me because it give them pleasure if i start it maybe it mean i am in control if i have sex maybe it mean it wasn t such a big deal but i can t take it sober i have only had sex sober once and drunk way too many i hurt so much the day after i try to forget can t take it anymore i can t forget all these people touching me how much they enjoy it i did this myself i let them i wa never raped it s my fault i m this miserable i want to hate those guy i think i do but i let them some people consider they only lost their virginity the first time they actually wanted to have sex it s funny to think i can be a virgin after so many time no one need to read this i m sorry i just need to say it at least once i can never say it up to recently i didn t even believe anything had happened i know i don t deserve any sympathy after how i did this myself i don t need any just hear me out,Depressed
i m have been feeling down lately and my mum brought up something today that really made me feel worse i want to disclaim that i do not at all blame my mother for this she wa bringing up a fair and valid point that i had been trying to ignore i am extremely lucky and go to a quite fancy school but my mother constantly feel the need to bring up that i m wasting all of the excellent opportunity there while this is true it suddenly hit me that she wa right and that i felt like i wa not only wasting school opportunity but my own life my sister also ha mental health issue and is seeing a psychologist and i feel like i need a similar set up however i feel awful about telling my mum that she will have to send her other kid to therapy a well is there any way to see a therapist by myself online or something,Depressed
doe anyone else feel the overwhelming urge to sink to the floor when their anxiety get bad like you just want to make yourself a small a possible because this ha been happening a lot to me lately i get an anxiety attack and i just want to sit a low a i can usually i m in a public space so i don t give into the urge to just sit on the public ground but when i get home it s the first thing i do to make myself feel better i don t know if that make but i figured i d put it out there,Depressed
wishing i wa home underneath my cover,Non-Depressed
thought sleeping in wa an option tomorrow but realizing that it now is not evaluation in the morning and work in the afternoon,Non-Depressed
so here i am at a baby shower only person i know is the expectant mom sitting at a table by myself i hate event like this,Depressed
theekween the herb is ideal for those that suffer from depression anxiety loss of a loved one heartbreak or have witnessed something tramatic thelmaherbs,Depressed
lately my best friend only long term friend ha just been brushing me off we joke for hour on end and i listen to them vent almost daily but when i brought up that i lost interest in all of my hobby again they go lmao same me a month ago and changed the subject i always put in an effort to be there for them even when i m in a low place and if i m not really able to feel empathy i tell them i refer them to help hotlines they refuse to get actual help i have given them every opportunity to get professional help by making a list of therapist in their area that take their insurance i ve given them every helpline under the sun whenever i have relative advice i give it to them but they always ignore it at one point i just stopped i stopped trying so hard and realized how much they rely on me to do everything for them they asked me a question i usually google it for them and summarize it i told them to google it they got annoyed with me so i cut them off for a few week whenever we started talking again thing were going well but of course a their type doe they eventually fell back into old habit this is strike for me and while i really don t want to lose the positive time we have together they just don t outweigh the negative i m tired i ve put in constant work and effort into being a healthy and stable a i am today and i m honestly not willing to slow down or trip up because of them i m open to any feedback or advice,Depressed
for the past month i ve been struggling with crippling anxiety that s manifested into some terrifying physical symptom and panic attack i ve gone to the er three time due to panic attack causing me to believe that i wa having a heart attack or pulmonary embolism my head gi system and cardiovascular system have been really angry with me a of late i ve had zero motivation for anything however today i managed to clean my kitchen living room and bedroom i ve vacuumed dusted did the dish did the laundry put away thing and am going to clean my bathroom considering my health anxiety s made me believe i can t do any amount of work without dying i think this is a success i just needed to celebrate that fyi i started 0mg prozac almost three week ago and i believe a lot of my symptom are my body adjusting to that i start therapy a week and a half from now and i have a med check the following day,Depressed
sminchin 9 sorry to hear you re unwell it s the school holiday syndrome again,Non-Depressed
twxtd jordan i wish i could i have to keep my door open for other people that may need me,Non-Depressed
darraghdoyle ah pox say it isn t so,Non-Depressed
i didn t have enough sleep,Non-Depressed
ginayates sorry to hear about maggie thought to your mum,Non-Depressed
i ll go first i got rejected recently it happens a lot to me it s my th time now i can t stop being anxious abt it it sickens me thinking abt it and idek why i m still anxious abt it i also have bipolar disorder so that make thing even better,Depressed
i just want someone or the love of my life who wa out there somewhere to come and heal me and pick me up and give me everything i needed in life and validate all the issue i ever had faced in this lifetime i can t be asked to put my mental health first or any of that shit anymore i can t carry myself,Depressed
mmuk09 moodle x must upgrade to 9 before being upgraded to 0 theme will probably break though,Non-Depressed
throwaway account for privacy reason i just graduated with an advanced degree and got into job search i ve been struggling with depression for year and i think at first it wa the high functioning kind but in the last few year it seemed to have turned to the demotivational kind of depression i m tired all the time and i always pick the easy thing to do easy entertainment watch thing mindlessly easy way to go to sleep scroll on my phone until i m too tired to stay awake etc it come and go in wave too sometimes i d get the energy to do thing or to do something along the line of self improvement other time i would just want to sleep i ve learned that some thing trigger depressive episode much faster than others but i m not sure how to let these trigger pas without the episode full on hitting me for instance one of the trigger is a perceived sense of being excluded from thing or being rejected or being shown or told that i m not good enough can you tell that i suffer from an inferiority complex anyway today that trigger came from one of my tennis group friend who wanted to set up a play session every two week for advanced player in our amateur tennis group this doesn t conflict with any of our other scheduled play session and i know that i m not good enough to be in the advanced group all of my tennis friend are good people and i know that there s always going to be room in the advanced group for people who improve and get to that level even knowing all this i got so depressed over the span of about minute that i just stopped functioning i think that since this group of friend ha been my only real support for the last few year anything that happens in the group that i see a a rejection of myself just instantly take me down now that i m in the middle of it it feel like the only thing i can do is wait for it to pas because talking out of it or building myself up don t work when all i can think about is how i ve failed everything and that i ve never and will never live up to anyone s standard including my own sorry for the long selfish post i m struggling daily with imposter syndrome and a sense of inadequacy the trigger just happened to be this particular thing today,Depressed
tutsy u are minding her she come say she won enter depression i said happy depression ijmn ungrateful soul,Depressed
is running on low battery http plurk com p n0blb,Non-Depressed
didn t even want to get up for work this morning i just wasn t feeling it but had to anyway,Non-Depressed
i recently started a new job and i m finding it difficult to socialize with my some of my colleague i have no problem with one on one but i tend to struggle with social anxiety in group setting a a result i often avoid joining my group s table during lunch fairly small around people my biggest concern is that i m half everyone s age and they ve all known each other for year in addition these are group of people i wouldn t normally interact with in social setting when i joined the table at one point i felt awkward and out of place worrying about everything that came out of my mouth i also joined them during happy hour but felt bored out of my mind and didn t want to be there i have made work friend during my orientation but they all ended up working different shift so i rarely see them i ve been spending my lunch alone so far and a much a it s way le stressful i sometimes feel sad and lonely i am not the only one alone in the break room though i didn t expect to be that person although i don t particularly relate to my colleague what are some way to get closer to them side note i work alongside with them all day hr shift in a lab setting so it s not like i never interact with them i can t tell if wanting to spend break alone is rude antisocial or actually common,Depressed
can anxiety cause pain where ur heart is i ve had ekg n been to the dr n they said i wa fine but my mind think it something else yk,Depressed
downy weather where s the summer,Non-Depressed
hey recently i realised that i ve been having one problem for a couple of year but i wasn t able to identify and name it until now so basically when i talk to someone directly i have no problem in holding eye contact it just feel natural no anxiety at all no matter if it s someone i know or some stranger however i m facing lot of situation when i feel unable to look around like in library where i literally feel some kind of mental block to look at someone sitting beside me or someone passing by sometimes i experience that also in public transport or at the gym i usually try to combat that feeling by looking there anyway but it just feel even more uncomfortable and i feel that this discomfort make me look like some sort of creep how do you even approach such problem,Depressed
is depressed he isn t going to be able to see david archuleta,Non-Depressed
http twitpic com y s9 he only reminds me of him because he doesn t wash his hair that s all gross i know,Non-Depressed
joynerlucas machinegunkelly nice toxic masculinity good to know your music about issue like suicide and depression were just fake shit for click if you had real mental health issue you wouldn t be perpetuating homophobia and toxic masculinity every cent you ve earned wa through coopting other s pain,Depressed
i am scheduled to be very productive on a few hr and i still can not sleep insomia ha gotten to me,Non-Depressed
smarrison i would ve been the first but i didn t have a gun not really though zac snyder s just a doucheclown,Non-Depressed
i wake up and do the same shit everyday at a job that s a coin flip where i have a decent day or not i m just tired from my childhood and how the fucking demon i have just never leave im just so tired and done and burnt man i never hurt or did anything to anyone the fuck are these card i wa dealt all my friend are moving on in life now and i m so fucking stuck i wa at work today and my coworker said oh your mom raised you so well i bet when my mom called me worthless just the previous night to my face i just wan na go this shit is donkey booty fart,Depressed
i hope i m feeling better by thursday will be seriously annoyed if i m ill over lan,Non-Depressed
there is very little that people will not excuse a long a you mention depression a a primary motivator the depression free pas is extensive,Depressed
i m getting more and more people asking where they can buy the ambients album simple answer is quot not yet quot it ll be on itunes eventually,Non-Depressed
assuming you werent feeling better when you were taking them,Depressed
ha got combined ear and toothache and want to rip her face off stamp foot,Non-Depressed
i m 9 male and autistic i have never had a relationship with anyone not even a date i had a few crush but i m too shy and socially awkward to act on them when girl try to flirt or hit on me i miss the sign because my brain doesn t work properly so i accidentaly reject them just to realize what i did a few hour later and get even sadder because i blew another chance i don t understand how i m supposed to find a romantic partner but i really want one i also don t think i would make a good partner my sex drive is high every slight mention of anything sex related give me a semi i really want to lose my virginity but the idea of being that intimate with another person is terrifying to me i would have to break so many social boundary to let anyone get so close to me and i wouldn t be comfortable breaking those boundary for another person either i stopped trying to talk about this with people close to me because no one understands i just wish i didn t have to deal with all these urge i ll never be able to fulfill i hate my life,Depressed
my father committed suicide day before my th birthday i still remember this day i don t really have any memory of him so i m not really sad but for a long time i wa kinda angry at him for letting u alone with a mother like that but i realized some time ago that himself didn t want to be with her anymore and he also had a difficult life i think i m pretty sure he also had depression i feel stupid for being angry at him for so long over something like that i m happy for him now he doesn t have to suffer anymore he s free from his sadness just needed to let these thought out,Depressed
i really just need advice right now it s current am where i live and i ve yet to sleep i suffer from emetophobia the fear of throwing up if anyone need context my anxiety usually at night come forth it always wake me up but i wake up with panic attack because i feel nauseous similarly like tonight i m losing sleep because i feel nauseous despite me being so exhausted i m scared to sleep my stomach doesn t roll if i try to drink or eat something it doesn t go away i m on med too i just want some advice i m tired of losing sleep and worrying people because of physical anxiety and a phobia for more context i could eat a spoonful of something and it didn t make my stomach roll at all it sat fine there yet i feel nauseous and have slight pain right now it feel a if i m hungry but my anxiety is making me avoid that i don t know what to do i m very afraid right now,Depressed
so i ve been working really hard this last year on overcoming mdd agoraphobia and social issue over the last year i ve gone from making it out of the house for hour a month long enough to go to the doctor and grocery shopping to managing 0 hour a week i m still working up to doing thing on successive day it usually take a day or so to recover otherwise thing start getting rough but it s significantly better than before not advocating this approach it s what worked for me and may not work for others i had a lot of sensitivity to what wa being prescribed and it wa causing more harm than good talk with a professional before doing anything medication related part of what seemed to help wa getting away from medication over year we tried or so different thing and it just didn t work well now the hardest thing i do is caffeine and multivitamin there is a noticable difference in energy level and depression if i go more than a few day without vitamin so if you aren t taking any you may want to look into them i had been pushing thing the last couple month and wa starting to have burnout issue it wa hard not to a i felt like i wa starting to break through thing i m working at a different approach now just going until i start to feel uncomfortable and stopping if it s feasible rather than pushing until i have a full panic episode i m not getting a much done every day but so far i m starting each day more consistently it a little difficult stopping when i feel like i can keep going but i m hopeful that the better consistency will be more productive in the long term a bad a thing were a couple year ago to where they are now give me hope for others too i wa going to bed praying for death and cursing every morning i woke up i have hope and have truly started to love myself if you re going through a hard time thing can get better love you all take care and be well,Depressed
renee okie dokie do you wan na ask ash and tegan and yasmin i asked nicole but she said she cant,Non-Depressed
i have probably around 0g of metformin sitting next to me right now im scared but relieved that everything will finally be over,Depressed
at work plus im sick blah,Non-Depressed
ativan is the only one that work for me and shuts my anxiety up but lately i have been depending on it way too much i have been taking up to mg of ativan everyday for the last few week because of a lot of stress in my life and it is the only thing that help with my ocd and intense panic attack im worry to death about developing some sort of dependency but idk what else to go to lexapro help but not a well i have been thinking about maybe taking lyrica instead since it help with anxiety epilepsy and seems fairly similar to ativan and adding in clonidine for my physical anxiety doe anyone have any experience or recommendation i have been limiting myself to only mg and not going any higher but i am basically house bound with panic if i dont take it so not taking something similar is not an option,Depressed
gosh it make me sad when people don t give god a chance,Non-Depressed
hello just need some music to listen and spend time thank you,Depressed
im having a miley nite no sleeping boo,Non-Depressed
jvmediadesign i have pic of bucket kitty but i ll probably post it tomorrow now mean having to find cable and connection,Non-Depressed
i feel like my left side of the chest like move everytime like it keep vibrating is it normal,Depressed
dang won t be able to get to any workshop run by web direction,Non-Depressed
doe anyone else miss chatting in chat room i do but can t find one i feel comfortable in suggestion please,Non-Depressed
i ve been struggling with depression since i wa younger i wa bullied until graduated i went off to college and managed to make a couple friend and even a girlfriend then i tried to weed which wa the turning point of my life i wa a habitual smoker and i smoked all through the day and night me and my girlfriend i quit my job flunked college and on top of that my girlfriend went ghost on me i found out she wa pregnant with twin through a mutual friend i wa so hurt because i ve been nothing but good too her i d give her my last when i have nothing myself they hurt me so much i begin eating and i gained so much weight my confidence is at a all time low i lost hope in life i broke no love life no friend and misunderstood by everyone i m alone and lost in life,Depressed
khensu i always feel like that too have an amazing day though xx,Non-Depressed
can t sleep i hate these night when i try to go to bed early and stay awake for hour poo,Non-Depressed
lol honeybaby i sound like a ny quil commercial that word only look right with a green background i want to sleep but i can t,Non-Depressed
content warning od throwing up hi this is just a vent ig but like last night i really felt like taking an overdose but i decided not to so that i didn t have to throw up cause that happened and i hate it and i don t want to throw up and then die like that would be awful but today i woke up at like three or four am and puked all over the floor and now i m just thinking that me avoiding taking those pill didn t work out like hoped like i still threw up but i m not even dying,Depressed
sorry if this is the wrong subreddit for a long time in my life all i wanted wa to have someone to be there for me a person that could love me back a much i love them back but now that i have it i don t know if it s what i wanted in my past i had suicidal friend that influenced a huge part of my life i begin to realize how stupid living wa and started to question why we live i m losing all my energy slowly and slowly i find myself losing all motivation and having no goal or dream anymore this reddit is my last ditch effort on seeking help from other people i ve already started to distance from everyone around me i know that i can t be the only one that s been or going through this how were you guy able to keep your energy and have a positive outlook on life,Depressed
notyour kainat itni utri howi sorat ko kon follow kary phely kam depression hai,Depressed
http twitpic com y cf filled with curry the true indian in me is coming out,Non-Depressed
think she is getting a cold that she caught from daddy oh no my trip would be ruined,Non-Depressed
i m so sick of being in a state of breakdown and every hotline i call treat me like dogshit hang up on me like nobody fucking care and i can t take rejection after rejection after fucking rejection when nobody s ever accepted me for who i am or loved me even once all i ever do is fuck up and nobody forgives even my tiny mistake they all fucking hate me and i m sick of everyone being disgusting or selfish little slimebags get a fucking life and fuck off and quit making mine worse just because you aren t shit i can t take it i really can t take it i mean really i wa beaten nearly to death and i get hotline idiot telling me to be quiet and quit cursing like fuck you fuck you to the bastard death you useless asshole doe anyone have a shred of empathy i don t give a fuck i just wish someone gave a shit,Depressed
cherrytreerec oh man i can t see the vid it ot available in my country,Non-Depressed
openaccess thejcpp evidence for machine learning guided early prediction of acute outcome in the treatment of depressed child and adolescent with antidepressant by arjun p athreya of mayoclinic et al http t co jq nldickx depression mentalhealth,Depressed
wish she didn t have om homework to do right now,Non-Depressed
i ve been in therapy a few month cbt he mostly just advises me to try to stay in the present and mediate at first it seemed to help a little but the larger issue i have won t stop bothering me i make good money and i m not bad looking at all but i have basically zero friend and i haven t been on a date in over 0 year im and i ve been thinking about suicide a lot but i obviously can t tell my therapist or he ll get me emergency petitioned im really not sure what to do my anxiety and depression just seems to keep getting worse i can barely get myself to eat most day let alone exercise or try to talk to someone,Depressed
so i have finally come to realize that i have had this fantasy that i have a family that care my mother ha her own issue bi polar my mom life partner just doesn t care and tell me to get over it my sperm donor of a bio dad remarried and ha his own family now and is ecstatic about his grand kid i feel like i wa the throw away tossed out with the garbage when it come to my parent it ha taken me 0 year to come to this conclusion why did it take me so long when my sister said f ck you when she wa hope is the only thing i can come up with to answer that question they say blood is thicker than water when it come to family i now disagree i have finally come to the conclusion that my parent can kick rock if they fell off of a cliff i would watch them fall some would say that is a heartless thing to say about your parent but i am done done placing myself in a situation that allows my heart to be trampled by one that claim to love me or one i would think should care all of these thought and outcome in life have lead me to being suicidal and depressed i am now working hard to manage my thought of suicide and depression first thing is to get my finance in check pay down my debt so i can become financially free to do what i want with my money second and really while i am working on my finance lose some weight and get my physical health back on track it is time for me to start living this life i have been gifted with and see were it take me all i ask of you is your support and prayer if interested check my profile from time to time a i make journal entry posting them to my personal profile god bless i love you all,Depressed
doe not know how he got home last night,Non-Depressed
home mc bored missing him who him sigh im bored tadi exam amp wa okay thursday lagi exam gaaaaaaaaaaaaaahhh,Non-Depressed
the past three day ive experimented with milligram klonipin everyday it made me see life from a different view ive never been able to talk to people talk on the phone make eye contact talk to a girl and im in constant edge the klonopin ha helped durastucally today i applied for three job called place asking to hire and wa able to make confident eye contact can i be on klonipin long term it help so much i really believe i have the world worst anxiety my brain is on like turbo mode all day without it,Depressed
how do i quit a job i keep having panic attack and it s interfering with my job i just started two week ago and this is happening someone plz help i missed my alarm this morning and it s a bad look i don t know what to tect my bos i m quitting bc i feel nervous everyday about the job it s sad bc i actually liked it it s my body that s the issue,Depressed
my macbook just froze luckily i wa able to take a screen shot of my paper and retyped the end of it i submitted my paper min late,Non-Depressed
going to sleep now johnny just died on the oc,Non-Depressed
in their heart they say it okay to kill yourself at least you didn t become school shooter terrorist psychopath killer etc etc and become a nuisance to other people,Depressed
or i am the only one with that,Depressed
nobody like leatherhead,Non-Depressed
i m laughing coz i m high on depression,Depressed
ogbenidipo iwa were gba we see the reason you are deep in depression you can t speak this way to your parent and expect to be healed of depression in actual fact it will sink you deep into depression,Depressed
rumblepurr lol wish they understood daylight saving ha ended though and breakfast is an hour later they keep waking the kid up too,Non-Depressed
hate hearing his girl being ill nothing i can do though,Non-Depressed
is ready to go to bed long day tomorrow,Non-Depressed
essay time,Non-Depressed
i m so done with everything i love my career but everyday is harder and harder to get up and go to class i get home and just sleep instead of studying because i feel like absolute trash i feel like nobody love me or even care about me i feel like my friend don t care that i am skipping class and that i have literally stopped talking to everyone i just stand there with them but don t engage with anything because if i do i m scared i ll bust into tear my best friend completely changed his behavior with me a few month ago and now i feel like he doesn t like me anymore i feel like the most unlovable unlikeable person ever nobody ha ever been in love with me i have never kissed anyone or even held hand i just want someone to care about me to ask me about my day to ask me how i m feeling it doesn t even have to be romantic i just want someone anyone to care i fear that my depression get so bad that i stop completely going to class and i fail this semester i don t know what to do,Depressed
y male so for the last couple of year i ve been sad depressed at first not too bad like just gloomy but progressively stronger but maybe for the last maybe year to year and a half it s gotten pretty dark everything seems meaningless for a little back ground i m in a very healthy relationship my relationship with my parent wa pretty good for the most part up until recently but everything s o k just regular petty thing i grew up an only child spent allot of time alone parent worked day allot love them for it so i ve gotten pretty good at hiding most of anything that s going on all smile and small talk but recently i get this deep deep sadness it almost feel like i m in a vast dark room by myself screaming but it s silent and then i think of a bliss darkness like if only i could keep my eye shut it ll all go away when i feel like this i hide in a dark room usually cry i don t really know why i didn t proof read this i ve never told any one these thing and i feel like if i read it back i m gon na back out and erase it so sorry if it s all messed up,Depressed
shedfire mrsshedfire been taking picture of you without your shirt bleeeech,Non-Depressed
mae fitch you keep deleting my number,Non-Depressed
whoa im super hungry life cereal w granola amp raspberry is calling my name,Non-Depressed
i m not depressed or in depression i think there is a lot to live for in life actually but lately i ve been having thought of suicide it s not every hour of every day but something will happen and i ll just casually think to myself what the hell f ck this and fast forward to when i m dead i have every reason to live i have a roof over my head food on the table and a small circle of friend a job so i m not planning on taking the plunge anytime soon but i just can t help but think after an event or something that ha happened to me involving me that maybe i should what if a opposed to when amp x 00b i m perfectly in sound mind body and health but what could this mean,Depressed
mandy moore quot cry quot http twt fm 009 quot a walk to remember quot by far my favorite movie so sad i cried like a baby,Non-Depressed
freshly squeezed lied they only showed the video in the end,Non-Depressed
even the most basic task are super difficult to do this is most likely going to be my final week on this shitty planet and it s most certainly going to be my final post,Depressed
one of the hardest thing with this schedule no one i can chat with at the end of my day usually,Non-Depressed
ah well today wa my first day at university it wa okay kinda i had fun with the friend i had but there wa also a lot of stuff that made me feel small and pathetic first of all a friend and i got to the wrong building and went up four floor using the stair we had to go down and do so again with the right one it s embarrassing to admit but i m not exactly an active person so it left me exhausted and kinda dizzy i felt pathetic and wished no one wa there to see me like that i got together with my group of friend after that and to be honest i m irritated at myself for not talking more it made me feel kind of excluded even though i know that wasn t the fault of my friend after that i got lost when i had to go back in train because someone in my family said they were gon na give me a ride but didn t give me the right direction got blasted on phone for being late and when i got home i felt really awful i hate causing others inconvenience and i felt like i totally did when i wa eating a bit once i got back i noticed something strange in my mouth and whaddya know the gum behind the third molar is swollen but doesn t hurt my brain went into overdrive and now assumes it s my wisdom tooth even when this ha happened before and it wa nothing i m tired,Depressed
babdhlamini she s looking for cheap therapy talking about depression and all like this singular act won t push her down that path faster,Depressed
thinking the short and flip flop may have been a bad idea,Non-Depressed
i am on the verge of going absolutely insane i can not take being alive anymore i am a prisoner in my own life i feel dead and so alive at the same everyone in my city at my age is either weird rude or awkward modern human are weak impulsive and oblivious i hate my generation and i hate how the internet ha ruined my life and so many others around me i feel like i am living in hell and i want to die nobody is at my level nobody understands how hard i try every person alive is a weak worm that deserves to die,Depressed
i m renting a room from a guy that i know from aa i heard from others that he s very odd and clean some even told me not to rent from him but the area i m in is in a housing crisis right now and i needed a place to land we ve had a lot of spat over very minor thing but he blow them up to a huge proportion one thing that i did that wa really bad wa i accidentally left my space heater on while i wa at work i realize that s dangerous and costly but i offered to pay the entire month s electricity which he refused and promised that it would never happen again recently i think he went through my drawer but i can t prove it he got really pissed off that i had a set of silverware in my room and gave me 0 day notice to leave it got pretty heated and i said that i need to contact a lawyer because the thing he s threatening to kick me out over are very minor and are basically personality thing he doesn t like i sleep in too late on my day off he ll go through the trash and confront me about thing he think i shouldn t be eating i sleep with my tv on etc we agreed on a move out date of june 0th but the heat in the house is not dying down i feel very unsafe living here just because i don t know the next thing he s going to blow up over i m also moving to a new city in june and i know that he s not going to give me a good review especially after threatening a lawyer this is a verbal agreement and i pay month to month so i know some apartment don t count that a a real tenant history lease though essentially it s like living with a friend for a couple of month i m so stressed out this is on top of me finishing my ph d and the pressure is insane i ve told my friend more thing that have gone on here and they agree that this guy is ludicrous and unwell what should i do am i truly in the wrong and i m that bad of a roommate i keep the house very clean including the room that i pay for i m serious that i think he go through my stuff,Depressed
kenmcguire sorry i had to be the one to confirm your darkest fear,Non-Depressed
sad to hear about the discovery of the little girl from tracy her poor family,Non-Depressed
guten morgen up and off to get ready to go to phantasialand cologne yay but booooo last park of holiday,Non-Depressed
i m m and i have been single my whole life because my anxiety around girl a a young kid up till now i have always had this anxiety towards girl i like and this fear ha stopped me from pursuing girl also i get anxious in crowd or party which i try to avoid at all cost when i go any place where there are a lot of girl like the gym i get really anxious if cute girl are around me i always hope none of them talk to me because i will get anxious and it may show it always feel like i m battling myself to look normal and not anxious to minimize my anxiety i avoid eye contact with any girl i would say i m a handsome guy and i have been told that all my life by several people i m also confident in myself for the most part i think but despite that i still have this anxiety towards girl and the thing is i know the way to cure this is to start talking to girl but the fear is too much for me it ha got to the point were i m starting to accept that i may be single for the rest of my life another thing is my parent always ask me if i m gay they always say how am i handsome and don t get girl i always tell them it because i have anxiety but they still don t understand this just needed to vent thanks for reading,Depressed
i just fucking hate my self i m turning into a fucking loser i ve recently pushed my girlfriend away by being a fucking depressed loser i fucked it all up just by not trying hard enough and i hate myself for it she wa the only person who actually loved me and now she doesn t want to see me anymore i don t know why i m surprised how could i be able to maintain a serious relationship when i can t even show up to work on time i never thought i would ever find love but i did and i fucked it all up fucked up the only good thing i had in my life work suck life suck and i m just soooo fucking over it i m not cut out for the ups and down of life i m just not cut out for life in general i m a fucking lost depressed loser that at the end of the day ha nothing to be proud of tonight i really just want to kill myself and end this hell i don t think i can take this shit anymore man,Depressed
bursaar good for me i haven t gone to bed,Non-Depressed
can t sleep i don t like sonny being gone,Non-Depressed
i ve noticed that for a few glorious minute in the morning right after waking up i m great calm unbothered soft but then i can feel stress in my body and then i m not sure how to get rid of it and it build a anxiety doe how do you all get rid of body stress in the early morning,Depressed
chrisexcel 0 hayi suka man you ll give him a depression,Depressed
meat week day tummy hurt every night,Non-Depressed
i m getting swole af tho jus need to get back on my healthier diet shit depression isn t over but the eatin my feel part is u can t b depressed wit a pack it s medically impossible http t co tym by taw,Depressed
so i been dealing with non stop generalized anxiety since december 0 9 i have had anxiety in the past but it would only last maybe max month and then i would revert to my old self now i am totally fucked and going on for year of constant anxiety i am constantly dizzy i constantly ob over my health last year i convinced myself i had a brain tumor and i had to beg the doctor for an mri and after an entire year of begging he finally gave it to me and it wa a unnecessary a everyone told me i constant detach disassociate and the only thing that help me chill the fuck out is closing my eye and being in my room sometimes i m on antidepressant like everyone else but i feel lichi le they re just doing half the work it s obvious that the other half of unfucking my brain ha to be done be me anyways i hope everyone is doing well,Depressed
why oh why do i watch video of people dying right before i m going to sleep,Non-Depressed
you exit the game when you re bored or if you don t like it or if it make you feel bad right you don t snoop around for literal year waiting for the stagnant and painful game to get better right so i don t understand why i m still here i guess i m just afraid to exit the game because i ve been playing it my whole life i don t know what i ll do when i leave it it s like my game is plagued with a virus no matter what i do it won t get better i ve tried my hardest and my best to fix it fix the root of it but i ve been cursed since birth and no matter what i do it won t get better it s why i m so depressed because it will never go away i either live with it or die i am so fucking over playing this game i m so over cry and feeling like shit every waking moment i have to play the game i don t want to play anymore,Depressed
is still sick hate this,Non-Depressed
in today s society it seems like no one really care instead they re worried about lability litigation after something bad happens and want to shirk responsibility that being said would it be respectful to put my two week notice in before i commit suicide so they re ready for a replacement along with that it wouldn t be a big thing that would slow everyone else down i m thinking about putting in my notice i ve had everything in place and in order will service paid for everything beforehand etc i m just trying to make it easiest for the people who say they care about me along with my employer and co worker they won t be liable or responsible because they can t make me do anything,Depressed
nick carter aww nick i like your hair longer why did you cut it off break my heart,Non-Depressed
that depression can sieze today,Depressed
lifee get worsee amp amp worsee,Non-Depressed
nevada is really long and the gas pump are down but on a good note i just won in a slot machine i love to gamble,Non-Depressed
rumlover an empty rum barrel is a sad rum barrel shake head the horror the horror,Non-Depressed
powerpoole some people try to be tricky some stop using twitter at all i guess it s a good a it get i had to try,Non-Depressed
i know i m not the other one going through this but holy fuck i jsur feel so alone and in so much pain and it hurt so much even my therapist doesn t seem to undersrand how much this really hurt and how much i really just want to fucking die,Depressed
i am a male who should be having the time of his life in college meeting new people getting a degree experiencing all that life ha to offer in reality i dont want to be here any more i feel that i am in people life to help them through their stuff and then one they re fix im out of their life i feel like there are maybe people in the world that would miss me if i wasn t here i feel like everything i do on a daily basis is to keep an appearance that i want to live and that i am doing thing for me i have never been this close to just accepting the fact and just not waking up tomorrow i know it might hurt some people that i know but i am dont suffering in silence and i am done with this facade that i have to keep up every single day of my life my life feel like it is on repeat the same thing happen and i dont feel anything besides not wanting to be here i dont feel emotion like others do i can go from laughing like im about to cry to a straight face within second i dont feel sadness i dont feel happiness like others i am in a constant state of numbness i dont want to play this game anymore im done with it there no one i trust that i can share this with and no one in my life truly understands this,Depressed
drewl rishisunak borisjohnson the great depression in the 9 0 is going to look like utopia compared to what is coming to every household not if you are a wealthy chap like rishi,Depressed
on the last episode of top boy depression is real,Depressed
i miss family guyyy,Non-Depressed
peut tre que je rate mon deuxi me jour de labo que je me sen super mal avec le combo r gles et d pression mais j ai un petit chat qui me bave dessus http t co flqwtpokvn,Depressed
i would know if i had a brain damage injury anyersum or my brain is bleeding in the past like month ago my ex boyfriend would punch me in the head pull my hair one time he punched me really hard i had a bump and a extreme headache for day it went away i never went to get it checked because it went away something would have happened by then right if i wa bleeding or had something going on from then on i been stressed and i have headache everyday mainly at a certain time i been diagnosed with anxiety and panic disorder i just need reassurance im okay right i wa playing a game on my phone all of a sudden my head started feeling really tight and weird anyways the point is is the stress causing it he used to hit my head alot the last time wa like month ago but before that too other than the concussion i felt fine would i have blacked out if it wa bad enough to do damage i never did i been fine but i started having headache reccently maybe stress im fine right plz give me reasssurace answer this i would know if i had a brain bleed how long after a accident can ur brain bleed,Depressed
cant sleep ugh if this is going to be a trend i ll need to find something to do with my wakeful night hour read learn a language,Non-Depressed
anybody willing to help me i ve been trying to make a sad tune on the piano for a new song but it always end up happy and bright,Non-Depressed
my depression is taking a turn for the worst the thought about offing myself are starting to become more frequent again there s barely anything going on in my life yet my anxiety feel so overwhelming that one would think i live a busy life i feel so hollow all the time and i don t like it it s starting to get to the point where i can t even do anything because my depressive thought just intrude on every part of my day that it s preventing me to actually be productive i have essay to write for my uni class but all i do is stare at my laptop because i can t even cry i attend my lecture and join class discussion because everyone say that engaging in those thing will increase the likelihood i ll pas but i barely remember what s going on at all or what i m saying how do i function to live at least until the semester is over,Depressed
the great depression,Depressed
my anxiety make it almost impossible for me to talk on the phone even people i m not anxious around irl i get panicked with on a phone call so 99 of the time i don t answer call and definetly don t call people well now i had to answer a is wa a pretty important call and i m pretty calm after it like usually my heart beating like crazy i m sweating and my voice break during and after but now i m pretty i just feel short of breath and am a little shaky but i think it went pretty well my voice still broke during the call but not a badly a most time,Depressed
surely just hanging there being asphyxiated by the rope will kill you eventually if the above mentioned thing don t happen,Depressed
thomasgudgeon well yes shame that you can only get the plastic one for the first generation,Non-Depressed
robertzalme yes i do too much theory getting in not much solution coming out,Non-Depressed
liebe depression ich will mein leben zur ck also verpiss dich endlich ich hab kein bock mehr auf grau in grau mit grau ich werde mir jetzt die farben zur ckholen ob du da willst oder nicht die welt ist bunt und ich werde da wieder zu sehen lernen notjustsad,Depressed
i fear i may go into a depression pit i miss my friend,Depressed
i hate the fact that i m genuinely excited about my last tweet,Non-Depressed
about to start the epic drive from glasgow to alton tower look like a rainy few day,Non-Depressed
why doe it take so long to go through one lecture which only took min to give and it s sunny outside someone is mocking me,Non-Depressed
am gutted checked weather report for the wrong day no fishing for me today,Non-Depressed
depression make no sense sometimes i have a great life family member who love me friend who care about me everything going for me in term of college relationship life etc and despite all of these thing i still find myself thinking about ending my life suicidal ideation is something that i have dealt with since i wa a young teenager but lately it ha become a half dozen to a dozen thought of taking my own life every day what i really don t understand is the fact that almost everyone else around me doesn t feel the same way i do doesn t see the world in the same way i do sometimes when i wake up i ll just have my mind scream at me that no one and nothing matter that despite what we do all of u will end up dying one day etc sometimes i just really don t see the point of life all of u are on a journey with the only thing promised to u are sorrow or death we are taught that we have to make our own happiness and value out of life but if that s true than there is definitely something wrong with me that can t be fixed because some of u just aren t made for your fairy dust fucking world and anyone who isn t thank you cause there are too many stupid as happy people in this fuckface of a wordl we live in,Depressed
im y o my mom died when i wa 9 and ever since then ive had no motivation to do anything i used to be into sport a lot football baseball basketball track and i wa pretty good at it too but ever since my mom passed i just cant seem to be happy fr people always ask me why i gave up why my grade went down why im not how i wa year ago when i go to school im a pretty popular person and i d like to think im a pretty funny person and fun person to be around but when i get home im alone just me and my thought and it literally killing me ive thought about killing myself multiple time and im sure the only reason i haven t is because i couldn t put my father through that please give me some type of advice i honestly dont think i can do this any longer amp x 00b i posted this under a different subreddit about two week ago i took the advice people gave to me and it didint work everything just feel like it wont get better no matter how hard i try i genuinely feel like there no escape and that killing myself is the best option people always say oh you need to do what would make your mother happy okay and what about what make me happy i wan na play sport again so badly but my dad to scared to let me because he doesn t want me to lose sight in my other eye to be honest football basketball and baseball where some of the only thing that made me happy and now that i cant play them it just make everything worse i just miss my mom she wa the only person that made me happy really and i really didnt even get that much time with her,Depressed
fuck len wein s house caught fire earlier today the family is safe but they lost their dog,Non-Depressed
hi i ve been focusing on my mental health recently and i think i have depression here are my symptom i am constantly irritated i do not like any human interaction whatsoever for some reason i just don t like dealing with other people this varies from day to day i don t know if it s from past experience but i can t stand other people physically i have no energy finding interest in anything is an arduous task for me i am happy for those close to me that achieve or accomplish something but i just can t express it i notice this because i don t smile or act happy when it happens i have no motivation i am financially confident but i don t see the value of my work i don t know that to do with the reward i have earned with work i sleep a lot i probably sleep around 0hrs a day if anyone can explain if i do from past experience or if you are a professional please reply thanks,Depressed
ddlovato do you hate u please don t,Non-Depressed
gift makoti depression yama teki,Depressed
today is my worse birthday depression i can t even fake being excited for my birthday damn,Depressed
i ve been plagued with mental illness for almost half my life i ve done and tried everything i can up to this point to recover but it s a losing battle that i m tired of i ve missed out on so much in my life because of my mental health being so shit and honestly i don t ever see it getting any better i figure year or sooner is long enough for me to decide whether or not to go through with my plan of killing myself no one i know personally know about my plan not my family not the few friend i have not even my therapist i don t plan on telling them because i don t want to be stopped maybe they ll hate me for it or maybe they won t odds are they ll never hate me a much a i hate myself this post is gon na get buried under everything else so might a well be talking to myself if you did read this though thanks for reading,Depressed
fardachev reasonablemangh telefootball but we were winning thing it wa just imaginary depression on part of the football they got ole a manager and what did he do worse than moyes,Depressed
salah eddine y a une grande diff rence entre la d prime et la d pression une d pression c est maladie en tout ca je te souhaite de journ e meilleures que celles que tu pass en ce moment,Depressed
davidkudrev it s just a pity that facebook chat ha exceeded even msn s amazingly level of unreliability,Non-Depressed
you know a monday s really bad when it spill over to tuesday,Non-Depressed
all work and no play doe not a happy linda make can t wait for the holiday,Non-Depressed
tharani dd summa than undu than velai undu nu irukara pullaiya pudichi santhula iluthu vittu depression range ku kondu poitu pecha paaru http t co l vorkga,Depressed
what happened to last night s twit they ve gone and run away,Non-Depressed
livinginfiction outdoors man can t get to the gym this week no time no time dinner soon babe early next week or brunch sunday,Non-Depressed
i used to enjoy posting and just interacting with people but now i can t bring myself to open it up it s just awful seeing post and post of people just living while i m just existing stagnant it all feel so counterfeit,Depressed
a no better way to fight depression http t co qmw or dmf,Depressed
hadtobeyou i m at 900 word it s all can do i ll finish tomorrow maybe,Non-Depressed
tommcfly did you know that johnson baby use animal like cute bunny to test their product,Non-Depressed
in the morning and i can t sleep,Non-Depressed
fadyanwar it sad cause that wa the last gsm company owned by egyptian also orascom wa inforced to sell it share to fc,Non-Depressed
wer mit einem depressiven menschen zu tun hat st t unweigerlich an seine grenzen denn der umgang mit ihnen ist anstrengend in great depression schreibt unsere kolumnistin ber psychische erkrankungen http t co pb wfwnglf,Depressed
kourtneykardash i need get my beach bod back,Non-Depressed
m i have been dealing with depression anxiety panic attack for 0 year and also have adhd i kind of suck at everything i am failing my rd university almost have no social life have no girlfriend for year no job no goal and no achievement i have been trying to get my life together for year i quit alcohol and cannabis completely i am working out regularly forcing myself to socialize and learn new skill and trying to date failing miserably i am only successful at quitting drug which i can relapse anytime i suffer month of a year have some good day so what is the point of living if i won t be happy and achieve anything what kind of man i am who can not attract a woman and never be able to and why do i bother to live if i am failing every job i took and every university i went to i always feel lonely hate myself and can t look at the mirror anymore i am about to give up but i can t decide please answer objectively thanks,Depressed
my mood change fast and i don t think i am bipolar a it s usually a reason why my mood change and it can all change in a day like i m in a good mood and then like couple hour past and i just get negative thought and i m down again like i already lost people this year my ex best friend who used to be my best friend like year ago and losing him a a friend this year didn t really hurt a it wa my decision to cut him out of my life he wa a real bad narcissist and probably a sociopath so cutting him out felt good the one thing that hurt is losing my sister a we used to be so close but recently she became a lot more social and ha a lot of friend and she doesn t even want to speak to me or spend time with me anymore even though i m the older sibling i m and she s 0 it s just scary how easy people can just leave your life and even though i have a best friend that is good to me and i am talking to a girl but i m just worried it will end a i m just bad with my emotion probably because of my anxiety i m really not sure how i can get better like sometimes i feel great it feel like euphoric even like i m more hyper talkative and confident but it never last long and then i m just back to my usual mood just being sad depressed and anxious i know somethings wrong with me probably i tried cbt therapy for anxiety and depression but it didn t really help me i m on an antidepressant a well which ha never worked on me i just take it a it make me sleep i hate living like this i just want to smoke weed and get drunk so that i can stop all the negative thought and i hate it it feel like my life is a mess it s so much effort to get out of my bed and i just hate my life like wtf sometimes i feel like going to thailand and becoming spiritual or something,Depressed
sleep til noon i did it wa the only one left but i got tempted and ate it soon a i got home i had a chocolate velvet amp ate d mocha,Non-Depressed
rachelcmrn i don t like goodnights,Non-Depressed
i quit my job today after being told yesterday that i m bad at it and could be fired if i fuck up again i figure that i d rather remove myself before i cause anymore problem because i know that i m intrinsically fucked since middle school i ve become convinced that i m retarded and that i m a fucking waste of space who should be put down i left this job hoping it d maybe remove some stress from my shoulder but instead i m more angry than ever and i really want to start cutting i m so sick of all of this i m sick of people telling me i should stay here and lying to me about how good i am i m sick of putting in effort only to fail at every turn i m really sick of all it,Depressed
it is snowing in tennessee too,Non-Depressed
i few week ago i wa shing and not going to therapy and i honestly wasn t feel a horrible a usual i woke up and and i didn t feel super horrible i wasn t hating myself and my urge to sh wa going down then i went to therapy for the first time in month and i wa told i have to cooperate cause i wasn t or my therapist would recommend my parent do somethings more extreme ie physic ward after that i that i decide that i would try to stop shing everyday and immediately i became way more suicidal i wa clean for a week i now wake up everyday and i don t want to get up and i m instantly hating myself i broke that clean streak by doing half my forearm instead of just a few and i may try to km tomorrow so maybe i wa just going numb and i wa cool with that but it s seems to be better than now,Depressed
i m trying to plan trip low budget though don t think it is working,Non-Depressed
hi i have a social anxiety disorder and everytime i m stressed for example medical appointment my heartrate go to the roof while i am sitting and get my blood pressure checked my heart go 0 bpm this is so embarassing everytime i have to explain that i am very nervous and the medical stuff doesn t have to worry is there a specific way to get my heartrate down to normal in these situation thank you,Depressed
maryjldn thank you longest bout of depression and anxiety i ve had but i mthrough the other side,Depressed
sinktoswim hopefully it will be,Non-Depressed
aww sandra cantu is found dead in a suitcase missing child story never seem to go good poor family,Non-Depressed
